{"cameraMode":{"drawMode":0,"name":"Shaded","section":"Shading Mode"},"sceneLighting":true,"audioPlay":false,"sceneViewState":{"showFog":true,"showMaterialUpdate":false,"showSkybox":true,"showFlares":true,"showImageEffects":true,"showParticleSystems":true},"in2DMode":false,"pivot":{"x":25.913063049316408,"y":0.10645461082458496,"z":-3.229896306991577},"rotation":{"x":-0.1475543975830078,"y":0.09634585678577423,"z":-0.014458941295742989,"w":-0.9842439889907837},"size":4036.976806640625,"orthographic":false}