{"cameraMode":{"drawMode":0,"name":"Shaded","section":"Shading Mode"},"sceneLighting":false,"audioPlay":false,"sceneViewState":{"showFog":true,"showMaterialUpdate":false,"showSkybox":true,"showFlares":true,"showImageEffects":true,"showParticleSystems":true},"in2DMode":false,"pivot":{"x":7.170000076293945,"y":1.184509515762329,"z":13.100000381469727},"rotation":{"x":-0.1475543975830078,"y":0.09634585678577423,"z":-0.014458941295742989,"w":-0.9842439889907837},"size":16.070648193359376,"orthographic":false}